-- ========================================================
-- REAL SEED DATA (MIGRATED FROM EXCEL)
-- ========================================================

-- Disable constraints temporarily to safely insert
SET FOREIGN_KEY_CHECKS = 0;

INSERT INTO `users` (`id`, `email`, `password`, `role`, `name`, `status`) VALUES
(20, 'icahspd20@guru.educore.id', 'password', 'wali_kelas', 'Icah, S.Pd', 'active'),
(21, 'cahyarisya21@guru.educore.id', 'password', 'wali_kelas', 'Cahya Risyana, S.Pd', 'active'),
(22, 'hwawanhern22@guru.educore.id', 'password', 'wali_kelas', 'H. Wawan Herniwan, M.Pd', 'active'),
(23, 'atienovita23@guru.educore.id', 'password', 'wali_kelas', 'Atie Novita Zahroh, S.Pd', 'active'),
(24, 'fannyfadil24@guru.educore.id', 'password', 'wali_kelas', 'Fanny Fadilla, S.Sos', 'active'),
(25, 'sitihalima25@guru.educore.id', 'password', 'wali_kelas', 'Siti Halimah, S.Pd', 'active'),
(26, '0111047833@siswa.educore.id', 'password', 'siswa', 'ADINDA RIZQIA NUGRAHA', 'active'),
(27, '0111979179@siswa.educore.id', 'password', 'siswa', 'ADITIA MUHAMAD RIZKI', 'active'),
(28, '0123683117@siswa.educore.id', 'password', 'siswa', 'ADZKIA ZAHRA NURASYIPA', 'active'),
(29, '3110442335@siswa.educore.id', 'password', 'siswa', 'AFKAR ULIL ABSHOR', 'active'),
(30, '0114263377@siswa.educore.id', 'password', 'siswa', 'AJRIL HAMDIL MUBAROK', 'active'),
(31, '0122315501@siswa.educore.id', 'password', 'siswa', 'ALIKA SITI AULIA', 'active'),
(32, '0127547517@siswa.educore.id', 'password', 'siswa', 'ALMIRA WAFA NURUL HIDAYAH', 'active'),
(33, '0111001088@siswa.educore.id', 'password', 'siswa', 'AMELIA NADA SYIFA', 'active'),
(34, '0121973567@siswa.educore.id', 'password', 'siswa', 'AZMI MOHAMAD BALQIN', 'active'),
(35, '0108090184@siswa.educore.id', 'password', 'siswa', 'DEA AGUSTIN', 'active'),
(36, '0115057786@siswa.educore.id', 'password', 'siswa', 'DIANDRA PUTRI SETIAWAN', 'active'),
(37, '0129774158@siswa.educore.id', 'password', 'siswa', 'DIVA NAUFALYN SALSABILA SETIAWAN', 'active'),
(38, '0112919662@siswa.educore.id', 'password', 'siswa', 'JELITA LAILATUL QODRIAH', 'active'),
(39, '0118485901@siswa.educore.id', 'password', 'siswa', 'JUNA PUTRA ARIFIN NOER', 'active'),
(40, '0129902458@siswa.educore.id', 'password', 'siswa', 'KAILA PUTRI PRANAJAYA', 'active'),
(41, '0125709354@siswa.educore.id', 'password', 'siswa', 'KHANNA ATHAYA IZZATUNNISA', 'active'),
(42, '0121526180@siswa.educore.id', 'password', 'siswa', 'MOCHAMMAD AKBAR PRIADI PUJA', 'active'),
(43, '0117087090@siswa.educore.id', 'password', 'siswa', 'MOHAMAD GARENDRA MAHA PUTRA AL ABYAS', 'active'),
(44, '0114321206@siswa.educore.id', 'password', 'siswa', 'MUHAMAD ABIZAR AL GHIFARI', 'active'),
(45, '0112003076@siswa.educore.id', 'password', 'siswa', 'MUHAMAD FITRAN FAHREZI', 'active'),
(46, '0125501425@siswa.educore.id', 'password', 'siswa', 'MUHAMAD HAFIZ MULYANA', 'active'),
(47, '0118137915@siswa.educore.id', 'password', 'siswa', 'MUHAMMAD ARGA PRADITYA', 'active'),
(48, '0115456552@siswa.educore.id', 'password', 'siswa', 'MUHAMMAD ARYA PUTRA NURALAMSYAH', 'active'),
(49, '0108203415@siswa.educore.id', 'password', 'siswa', 'MUHAMMAD NURUL IKHSAN', 'active'),
(50, '0117049893@siswa.educore.id', 'password', 'siswa', 'MUHAMMAD RIZQI ABDILLAH YUSUF', 'active'),
(51, '0115120615@siswa.educore.id', 'password', 'siswa', 'MUHAMMAD ZHISAN FAYYADH', 'active'),
(52, '0119082425@siswa.educore.id', 'password', 'siswa', 'NABILA HANI FAUZIYAH', 'active'),
(53, '0111133356@siswa.educore.id', 'password', 'siswa', 'NAZMA PUTRI NURHIDAYAT', 'active'),
(54, '0129492325@siswa.educore.id', 'password', 'siswa', 'NESA MUSTAKIMAH', 'active'),
(55, '0117073060@siswa.educore.id', 'password', 'siswa', 'RADEN SAKHI ADRIAN', 'active'),
(56, '0113743266@siswa.educore.id', 'password', 'siswa', 'RAISHA SHADA ZULEIKA', 'active'),
(57, '0112867629@siswa.educore.id', 'password', 'siswa', 'RASTI OKTAVIA', 'active'),
(58, '0123049584@siswa.educore.id', 'password', 'siswa', 'ROHMAT HIDAYAT PUTRA TAMALA', 'active'),
(59, '0117125813@siswa.educore.id', 'password', 'siswa', 'SAILA ATHIA WIDIASTOMO', 'active'),
(60, '0125757389@siswa.educore.id', 'password', 'siswa', 'VARISYA NATAMELIA', 'active'),
(61, '0112905276@siswa.educore.id', 'password', 'siswa', 'ZAKIRA RIZQITA RAMADHANISA', 'active'),
(62, '0118111281@siswa.educore.id', 'password', 'siswa', 'AFFAN INSAN MULYADI', 'active'),
(63, '0128231531@siswa.educore.id', 'password', 'siswa', 'AGNI HADYA SYIRA', 'active'),
(64, '0118996533@siswa.educore.id', 'password', 'siswa', 'AGNI VIRNA SEPTIANI', 'active'),
(65, '0112573126@siswa.educore.id', 'password', 'siswa', 'AL FACHRI NUSATAMA', 'active'),
(66, '0123902777@siswa.educore.id', 'password', 'siswa', 'ANDHIKA WIRA ABIZARD', 'active'),
(67, '0112731193@siswa.educore.id', 'password', 'siswa', 'ANDRI SETIAWAN SUTISNA', 'active'),
(68, '0119072724@siswa.educore.id', 'password', 'siswa', 'ARGA DWI NASTIAR', 'active'),
(69, '0121899167@siswa.educore.id', 'password', 'siswa', 'AULYA ESTY MAHARANI PUTRI', 'active'),
(70, '0127043777@siswa.educore.id', 'password', 'siswa', 'AZKIYA RACMANIA RAHAYU', 'active'),
(71, '0112180296@siswa.educore.id', 'password', 'siswa', 'BELLA FITRI SASHIRA', 'active'),
(72, '0116424867@siswa.educore.id', 'password', 'siswa', 'DIARA NURRIEL AZHULLA', 'active'),
(73, '3121356890@siswa.educore.id', 'password', 'siswa', 'FARHAN ZAIDAN AL HAWARI', 'active'),
(74, '0129843833@siswa.educore.id', 'password', 'siswa', 'FARREN AISYA FAIHA KAMAL', 'active'),
(75, '0123634812@siswa.educore.id', 'password', 'siswa', 'MAULIDA MAHARDIKA', 'active'),
(76, '0114485904@siswa.educore.id', 'password', 'siswa', 'MOCHAMAD CALVIN HERMANSYAH', 'active'),
(77, '0111481195@siswa.educore.id', 'password', 'siswa', 'MUHAMMAD AHFADH SAUQIL', 'active'),
(78, '0127900737@siswa.educore.id', 'password', 'siswa', 'MUHAMMAD MAHARDIKA', 'active'),
(79, '0113039770@siswa.educore.id', 'password', 'siswa', 'NADHIFA ZAHIRA QURAATU''AIN', 'active'),
(80, '0115530315@siswa.educore.id', 'password', 'siswa', 'NATHANIA JANEETA ROLEN', 'active'),
(81, '0129316845@siswa.educore.id', 'password', 'siswa', 'NAURA AMANINA SYAQINAH', 'active'),
(82, '0128768920@siswa.educore.id', 'password', 'siswa', 'NAYSHA SALSABILA DARIPIN', 'active'),
(83, '0115451631@siswa.educore.id', 'password', 'siswa', 'NIZAR RAMA HIDAYATULLOH', 'active'),
(84, '0116459488@siswa.educore.id', 'password', 'siswa', 'REYHAN AGUSTIAN', 'active'),
(85, '0113395121@siswa.educore.id', 'password', 'siswa', 'SELVI ANGGRAENI', 'active'),
(86, '0107014791@siswa.educore.id', 'password', 'siswa', 'SONI MUHAMAD SAPUTRA', 'active'),
(87, '3121955737@siswa.educore.id', 'password', 'siswa', 'SYAHLA TALITA DZAKIRAH', 'active'),
(88, '0118640065@siswa.educore.id', 'password', 'siswa', 'SYIFA LASMANA SURYADI', 'active'),
(89, '0112187747@siswa.educore.id', 'password', 'siswa', 'UMMY SAYYDATULYAUM', 'active'),
(90, '0112578648@siswa.educore.id', 'password', 'siswa', 'WISNU WIBIKSANA', 'active'),
(91, '0121797058@siswa.educore.id', 'password', 'siswa', 'YASSIRLY AMRIYA PUTRI SINURAYA', 'active'),
(92, '0115617673@siswa.educore.id', 'password', 'siswa', 'YUDHA BERLIYANA', 'active'),
(93, '0119360808@siswa.educore.id', 'password', 'siswa', 'ZAHANDO ARRIMBA', 'active'),
(94, '0119248303@siswa.educore.id', 'password', 'siswa', 'ZASHY SYABAN ZAKZHENA', 'active'),
(95, '0092023758@siswa.educore.id', 'password', 'siswa', 'ZASKIA RAISHA ALOFIA', 'active'),
(96, '0128959411@siswa.educore.id', 'password', 'siswa', 'ZEYRA MARISTA SRINGGANI', 'active'),
(97, '0117141745@siswa.educore.id', 'password', 'siswa', 'ZIDAN GERALDI FAHREZI', 'active'),
(98, '0104111922@siswa.educore.id', 'password', 'siswa', 'ALFIA NUR SYAHRA', 'active'),
(99, '0106702163@siswa.educore.id', 'password', 'siswa', 'ALVIN HIKMAL FAUZI', 'active'),
(100, '0107847562@siswa.educore.id', 'password', 'siswa', 'ANDHINI FUTRI FEBRIANI', 'active'),
(101, '3117070598@siswa.educore.id', 'password', 'siswa', 'ANIS AGNITA', 'active'),
(102, '0119169183@siswa.educore.id', 'password', 'siswa', 'ASYA REVITA MAYA ELFIANI', 'active'),
(103, '0118155663@siswa.educore.id', 'password', 'siswa', 'BUNGA KIRANA RIZQI', 'active'),
(104, '0109096395@siswa.educore.id', 'password', 'siswa', 'DIMAS RAMADHAN', 'active'),
(105, '0102970534@siswa.educore.id', 'password', 'siswa', 'FADIL TABINA JULSAHFAYANA', 'active'),
(106, '0112723977@siswa.educore.id', 'password', 'siswa', 'HANIFA ZAHROTUNNAJAH', 'active'),
(107, '0119724258@siswa.educore.id', 'password', 'siswa', 'HASRI AINUN PUJA ANDINI', 'active'),
(108, '0101955924@siswa.educore.id', 'password', 'siswa', 'HILMA FAUZIAH', 'active'),
(109, '0118257536@siswa.educore.id', 'password', 'siswa', 'KAYLANISSA ZHAFIRA UDRAYANA', 'active'),
(110, '0104094401@siswa.educore.id', 'password', 'siswa', 'KHAYYIRA NIDA AMIRAH', 'active'),
(111, '0092023758@siswa.educore.id', 'password', 'siswa', 'LIA LESTARI', 'active'),
(112, '0112205404@siswa.educore.id', 'password', 'siswa', 'MEILANI DZIKRIN', 'active'),
(113, '0106439412@siswa.educore.id', 'password', 'siswa', 'MUHAMAD HAYKAL PAMUNGKAS', 'active'),
(114, '0117519766@siswa.educore.id', 'password', 'siswa', 'MUHAMMAD ALBI ARAASYID', 'active'),
(115, '0118250137@siswa.educore.id', 'password', 'siswa', 'MUHAMMAD NUR RAFKA HABIBIE', 'active'),
(116, '0109390666@siswa.educore.id', 'password', 'siswa', 'MUHAMMAD RASYA', 'active'),
(117, '0092660217@siswa.educore.id', 'password', 'siswa', 'NABILA ISLAMI RAMADHAN', 'active'),
(118, '0108452406@siswa.educore.id', 'password', 'siswa', 'NURLAELI', 'active'),
(119, '0118769601@siswa.educore.id', 'password', 'siswa', 'PUTRI CECILLIA HAKIM', 'active'),
(120, '0105079664@siswa.educore.id', 'password', 'siswa', 'PUTRI OKTAVIANA SARI', 'active'),
(121, '0118613366@siswa.educore.id', 'password', 'siswa', 'RAAFA AZHAR FABIANO ZEBUA', 'active'),
(122, '0109807778@siswa.educore.id', 'password', 'siswa', 'RADHITA AGUSTIA RAHMAT', 'active'),
(123, '0105257390@siswa.educore.id', 'password', 'siswa', 'RAFAEL NABEEL RAHMADIANA', 'active'),
(124, '0117588400@siswa.educore.id', 'password', 'siswa', 'RAJRENDRA RAYA IBRAHIM', 'active'),
(125, '0105094587@siswa.educore.id', 'password', 'siswa', 'RANI MULYANI', 'active'),
(126, '0114706558@siswa.educore.id', 'password', 'siswa', 'RIFKI PUTRA HERYANTO', 'active'),
(127, '0108213747@siswa.educore.id', 'password', 'siswa', 'SALMAN DAFFA KURNIAWAN', 'active'),
(128, '0105131860@siswa.educore.id', 'password', 'siswa', 'TARISA AYU RIZKIA', 'active'),
(129, '0119130318@siswa.educore.id', 'password', 'siswa', 'WITA PUTRI SUMARDI', 'active'),
(130, '0105997987@siswa.educore.id', 'password', 'siswa', 'ABDI JALU PANGERSA', 'active'),
(131, '0104989834@siswa.educore.id', 'password', 'siswa', 'AJIZ KUSTANDI', 'active'),
(132, '0105764549@siswa.educore.id', 'password', 'siswa', 'AKBAR RIZI KURNIAWAN', 'active'),
(133, '0108562675@siswa.educore.id', 'password', 'siswa', 'ALZENA OKTAVIANI', 'active'),
(134, '0112884901@siswa.educore.id', 'password', 'siswa', 'ANINDYA MAULIDA HERDIANA', 'active'),
(135, '3108673688@siswa.educore.id', 'password', 'siswa', 'ASRI FEBRIYANI', 'active'),
(136, '0107105265@siswa.educore.id', 'password', 'siswa', 'AULYA FUTRI NUR FAZZRILAH', 'active'),
(137, '0118986175@siswa.educore.id', 'password', 'siswa', 'CITRA INDAH PRATIWI', 'active'),
(138, '0112629440@siswa.educore.id', 'password', 'siswa', 'DANISH FAJAR CAHYA SANJAYA', 'active'),
(139, '3121475187@siswa.educore.id', 'password', 'siswa', 'DELISA TRIULFIANNISA', 'active'),
(140, '0106532227@siswa.educore.id', 'password', 'siswa', 'ELMA SHIRIN AINI', 'active'),
(141, '0111182202@siswa.educore.id', 'password', 'siswa', 'FADEL MUHAMMAD PUTRA ZAENI', 'active'),
(142, '0107669813@siswa.educore.id', 'password', 'siswa', 'FARID MUHAMMAD IHSAN', 'active'),
(143, '0119411407@siswa.educore.id', 'password', 'siswa', 'FERDIANSYAH MAULANA PUTRA', 'active'),
(144, '0106060607@siswa.educore.id', 'password', 'siswa', 'KEYSHA KAMILA PUTRI', 'active'),
(145, '0103740652@siswa.educore.id', 'password', 'siswa', 'MAULINA SITI NUR''AENI', 'active'),
(146, '0116644678@siswa.educore.id', 'password', 'siswa', 'MUHAMAD IKBAR FADHILAH', 'active'),
(147, '0105405175@siswa.educore.id', 'password', 'siswa', 'MUHAMMAD AL-FATIH SAPUTRA', 'active'),
(148, '0117533015@siswa.educore.id', 'password', 'siswa', 'MUHAMMAD AL FATIH AL MUTAWALLE', 'active'),
(149, '0105746079@siswa.educore.id', 'password', 'siswa', 'MUHAMMAD FADHIL ARROFIQ', 'active'),
(150, '0112875710@siswa.educore.id', 'password', 'siswa', 'MUHAMMAD HAFIZH APRIANSYAH', 'active'),
(151, '0111044031@siswa.educore.id', 'password', 'siswa', 'NAAJLA ADNI SABILLA', 'active'),
(152, '0104931652@siswa.educore.id', 'password', 'siswa', 'NATASYA LIM WIJAYA', 'active'),
(153, '0111954415@siswa.educore.id', 'password', 'siswa', 'NURMA SHAUMY ATTALAH', 'active'),
(154, '010480227@siswa.educore.id', 'password', 'siswa', 'QORY RAMDIANI KURNIA', 'active'),
(155, '0117273385@siswa.educore.id', 'password', 'siswa', 'RAHMA FAKHRUN NISA', 'active'),
(156, '0124004247@siswa.educore.id', 'password', 'siswa', 'RANDI MAULANA', 'active'),
(157, '0109255710@siswa.educore.id', 'password', 'siswa', 'RAYHAN MAULANA YUSUF', 'active'),
(158, '0105240683@siswa.educore.id', 'password', 'siswa', 'REGINA AURORA PUTRI', 'active'),
(159, '0102163528@siswa.educore.id', 'password', 'siswa', 'RESTU RAINDRA', 'active'),
(160, '0116304902@siswa.educore.id', 'password', 'siswa', 'RIFANI APRILIA', 'active'),
(161, '0106365600@siswa.educore.id', 'password', 'siswa', 'SABIQ FADILA RUSTANDI', 'active'),
(162, '0108639555@siswa.educore.id', 'password', 'siswa', 'SHAFIRA AULIA RAMADHINA', 'active'),
(163, '0118765774@siswa.educore.id', 'password', 'siswa', 'SHILLA AULIA NUR SAFIRA', 'active'),
(164, '0106438373@siswa.educore.id', 'password', 'siswa', 'SYAHLA ALTARIA AGUSTIN', 'active'),
(165, '0135893733@siswa.educore.id', 'password', 'siswa', 'Ahnaf Hudzaifah Ibnul Sidiq', 'active'),
(166, '3123741034@siswa.educore.id', 'password', 'siswa', 'Alika Novera Putri', 'active'),
(167, '3125828881@siswa.educore.id', 'password', 'siswa', 'Aliya Fitriawati', 'active'),
(168, '3126599605@siswa.educore.id', 'password', 'siswa', 'Ananda Putri Handayani Belmondo', 'active'),
(169, '0128499601@siswa.educore.id', 'password', 'siswa', 'Arya Jovanca Satriani', 'active'),
(170, '3126007882@siswa.educore.id', 'password', 'siswa', 'Arya Widira Sura', 'active'),
(171, '3128589985@siswa.educore.id', 'password', 'siswa', 'Azriel Izzulhaq', 'active'),
(172, '0128215993@siswa.educore.id', 'password', 'siswa', 'Azzahra Fitriani', 'active'),
(173, '3120274179@siswa.educore.id', 'password', 'siswa', 'Caca Althopunnisa Hendrayana', 'active'),
(174, '3128399700@siswa.educore.id', 'password', 'siswa', 'Erlinda Callista Taufik', 'active'),
(175, '0137579329@siswa.educore.id', 'password', 'siswa', 'Farish Alfarizqi', 'active'),
(176, '3125983161@siswa.educore.id', 'password', 'siswa', 'Gelsi Adiva Naira Milanis', 'active'),
(177, '3121709357@siswa.educore.id', 'password', 'siswa', 'Gina Nurmaulida', 'active'),
(178, '0122440975@siswa.educore.id', 'password', 'siswa', 'Irza Hamdan Kautsar', 'active'),
(179, '0128211793@siswa.educore.id', 'password', 'siswa', 'Kayla Ardiyanti', 'active'),
(180, '3129775556@siswa.educore.id', 'password', 'siswa', 'Muhamad Insan Tauhid', 'active'),
(181, '3126620006@siswa.educore.id', 'password', 'siswa', 'Nafisa Zayin Ramdan', 'active'),
(182, '3131050846@siswa.educore.id', 'password', 'siswa', 'Nazhif Abdul Latif', 'active'),
(183, '0127988091@siswa.educore.id', 'password', 'siswa', 'Nissa Zahra Awalia', 'active'),
(184, '0128262873@siswa.educore.id', 'password', 'siswa', 'Putra Kelvin Sepdwirena', 'active'),
(185, '3127093529@siswa.educore.id', 'password', 'siswa', 'Putri Adelia Ramdani', 'active'),
(186, '0123233756@siswa.educore.id', 'password', 'siswa', 'Raisa Ramadhani Fidarlian', 'active'),
(187, '0121273699@siswa.educore.id', 'password', 'siswa', 'Rakha Padika Fauzi Muharram', 'active'),
(188, '0127833383@siswa.educore.id', 'password', 'siswa', 'Reyna Putri Noviani', 'active'),
(189, '3124068512@siswa.educore.id', 'password', 'siswa', 'Richard Reynald Febian', 'active'),
(190, '3126939149@siswa.educore.id', 'password', 'siswa', 'Rizqi Mugni Ramdani', 'active'),
(191, '0128216793@siswa.educore.id', 'password', 'siswa', 'Selvina Nur Anisa Nugraha', 'active'),
(192, '0103575208@siswa.educore.id', 'password', 'siswa', 'Syafa Nazwa Amaniya', 'active'),
(193, '0129184319@siswa.educore.id', 'password', 'siswa', 'Syauqi Amsyar Nugraha', 'active'),
(194, '0128125726@siswa.educore.id', 'password', 'siswa', 'Viona Rahayu Putri', 'active'),
(195, '0131341188@siswa.educore.id', 'password', 'siswa', 'Yasmin Maulida', 'active'),
(196, '0@siswa.educore.id', 'password', 'siswa', '0', 'active'),
(197, '3135126639@siswa.educore.id', 'password', 'siswa', 'Adrian Kaisar Syaban Hediawan Ace', 'active'),
(198, '3123464561@siswa.educore.id', 'password', 'siswa', 'Agung Zaenudin Al Zipari', 'active'),
(199, '0118351740@siswa.educore.id', 'password', 'siswa', 'Ahmad Al Ikhsan Nuruddin', 'active'),
(200, '0135166776@siswa.educore.id', 'password', 'siswa', 'Aliza Nur Maulida', 'active'),
(201, '3126434625@siswa.educore.id', 'password', 'siswa', 'Amaliya Husna Nadiya Ramadhani', 'active'),
(202, '3121837096@siswa.educore.id', 'password', 'siswa', 'Asha Putrianshori', 'active'),
(203, '0138225882@siswa.educore.id', 'password', 'siswa', 'Azya Baihaqi Khaizan', 'active'),
(204, '3139549225@siswa.educore.id', 'password', 'siswa', 'Azzyza Rahma Aulia', 'active'),
(205, '3123659221@siswa.educore.id', 'password', 'siswa', 'Carisya Amalia Putri', 'active'),
(206, '0124974609@siswa.educore.id', 'password', 'siswa', 'Dini Anggraeni', 'active'),
(207, '3133891687@siswa.educore.id', 'password', 'siswa', 'Febriyadi Saputra', 'active'),
(208, '0129610036@siswa.educore.id', 'password', 'siswa', 'Fhely Akbar Pratiwi', 'active'),
(209, '0129215793@siswa.educore.id', 'password', 'siswa', 'Fidela Fakhira Mayesa', 'active'),
(210, '0131689849@siswa.educore.id', 'password', 'siswa', 'Haikal Kamil Alfarizi', 'active'),
(211, '0136851586@siswa.educore.id', 'password', 'siswa', 'Ilyas Abimanyu Maulana', 'active'),
(212, '3138890711@siswa.educore.id', 'password', 'siswa', 'Isti Zahra Nurjanah', 'active'),
(213, '0122873585@siswa.educore.id', 'password', 'siswa', 'Keyra Humaira Karin', 'active'),
(214, '3125435840@siswa.educore.id', 'password', 'siswa', 'Khayla Naura Putri', 'active'),
(215, '3124540927@siswa.educore.id', 'password', 'siswa', 'Muhamad Davian Rizki', 'active'),
(216, '0102112968@siswa.educore.id', 'password', 'siswa', 'Muhammad Fajar Alghani', 'active'),
(217, '3128342838@siswa.educore.id', 'password', 'siswa', 'Muhammad Nurul Anbiya', 'active'),
(218, '0122086272@siswa.educore.id', 'password', 'siswa', 'Muhammad Raihan Pratama', 'active'),
(219, '0128780188@siswa.educore.id', 'password', 'siswa', 'Najwa Aulia Febriani', 'active'),
(220, '0119720258@siswa.educore.id', 'password', 'siswa', 'Nasywa Nur Aisha Putri', 'active'),
(221, '0105171140@siswa.educore.id', 'password', 'siswa', 'Nizella Septyara Deryan', 'active'),
(222, '3122622211@siswa.educore.id', 'password', 'siswa', 'Rafa Arya Wiguna', 'active'),
(223, '3121998404@siswa.educore.id', 'password', 'siswa', 'Rizky Septiana', 'active'),
(224, '0134510651@siswa.educore.id', 'password', 'siswa', 'Rizqi Fadli Ubaidillah', 'active'),
(225, '0125441071@siswa.educore.id', 'password', 'siswa', 'Salsa Mei Cahyani', 'active'),
(226, '3125522312@siswa.educore.id', 'password', 'siswa', 'Syfa Aulia Putri', 'active'),
(227, '3123449918@siswa.educore.id', 'password', 'siswa', 'Zahra Ramadhani', 'active'),
(228, '0@siswa.educore.id', 'password', 'siswa', '0', 'active')
ON DUPLICATE KEY UPDATE `email` = VALUES(`email`), `name` = VALUES(`name`);

INSERT INTO `classes` (`id`, `name`, `grade_level`, `room_name`, `homeroom_teacher_id`) VALUES
(100, 'VIII A', 7, 'Ruang VIII A', 50),
(101, 'VIII B', 7, 'Ruang VIII B', 51),
(102, 'IX A', 9, 'Ruang IX A', 52),
(103, 'IX B', 9, 'Ruang IX B', 53),
(104, 'VII A', 7, 'Ruang VII A', 54),
(105, 'VII B', 7, 'Ruang VII B', 55)
ON DUPLICATE KEY UPDATE `name` = VALUES(`name`);

INSERT INTO `teachers` (`id`, `user_id`, `nip`, `specialty_subject_id`) VALUES
(50, 20, 'NIP20', NULL),
(51, 21, 'NIP21', NULL),
(52, 22, 'NIP22', NULL),
(53, 23, 'NIP23', NULL),
(54, 24, 'NIP24', NULL),
(55, 25, 'NIP25', NULL)
ON DUPLICATE KEY UPDATE `nip` = VALUES(`nip`);

INSERT INTO `students` (`id`, `user_id`, `nisn`, `class_id`) VALUES
(1000, 26, '0111047833', 100),
(1001, 27, '0111979179', 100),
(1002, 28, '0123683117', 100),
(1003, 29, '3110442335', 100),
(1004, 30, '0114263377', 100),
(1005, 31, '0122315501', 100),
(1006, 32, '0127547517', 100),
(1007, 33, '0111001088', 100),
(1008, 34, '0121973567', 100),
(1009, 35, '0108090184', 100),
(1010, 36, '0115057786', 100),
(1011, 37, '0129774158', 100),
(1012, 38, '0112919662', 100),
(1013, 39, '0118485901', 100),
(1014, 40, '0129902458', 100),
(1015, 41, '0125709354', 100),
(1016, 42, '0121526180', 100),
(1017, 43, '0117087090', 100),
(1018, 44, '0114321206', 100),
(1019, 45, '0112003076', 100),
(1020, 46, '0125501425', 100),
(1021, 47, '0118137915', 100),
(1022, 48, '0115456552', 100),
(1023, 49, '0108203415', 100),
(1024, 50, '0117049893', 100),
(1025, 51, '0115120615', 100),
(1026, 52, '0119082425', 100),
(1027, 53, '0111133356', 100),
(1028, 54, '0129492325', 100),
(1029, 55, '0117073060', 100),
(1030, 56, '0113743266', 100),
(1031, 57, '0112867629', 100),
(1032, 58, '0123049584', 100),
(1033, 59, '0117125813', 100),
(1034, 60, '0125757389', 100),
(1035, 61, '0112905276', 100),
(1036, 62, '0118111281', 101),
(1037, 63, '0128231531', 101),
(1038, 64, '0118996533', 101),
(1039, 65, '0112573126', 101),
(1040, 66, '0123902777', 101),
(1041, 67, '0112731193', 101),
(1042, 68, '0119072724', 101),
(1043, 69, '0121899167', 101),
(1044, 70, '0127043777', 101),
(1045, 71, '0112180296', 101),
(1046, 72, '0116424867', 101),
(1047, 73, '3121356890', 101),
(1048, 74, '0129843833', 101),
(1049, 75, '0123634812', 101),
(1050, 76, '0114485904', 101),
(1051, 77, '0111481195', 101),
(1052, 78, '0127900737', 101),
(1053, 79, '0113039770', 101),
(1054, 80, '0115530315', 101),
(1055, 81, '0129316845', 101),
(1056, 82, '0128768920', 101),
(1057, 83, '0115451631', 101),
(1058, 84, '0116459488', 101),
(1059, 85, '0113395121', 101),
(1060, 86, '0107014791', 101),
(1061, 87, '3121955737', 101),
(1062, 88, '0118640065', 101),
(1063, 89, '0112187747', 101),
(1064, 90, '0112578648', 101),
(1065, 91, '0121797058', 101),
(1066, 92, '0115617673', 101),
(1067, 93, '0119360808', 101),
(1068, 94, '0119248303', 101),
(1069, 95, '0092023758', 101),
(1070, 96, '0128959411', 101),
(1071, 97, '0117141745', 101),
(1072, 98, '0104111922', 102),
(1073, 99, '0106702163', 102),
(1074, 100, '0107847562', 102),
(1075, 101, '3117070598', 102),
(1076, 102, '0119169183', 102),
(1077, 103, '0118155663', 102),
(1078, 104, '0109096395', 102),
(1079, 105, '0102970534', 102),
(1080, 106, '0112723977', 102),
(1081, 107, '0119724258', 102),
(1082, 108, '0101955924', 102),
(1083, 109, '0118257536', 102),
(1084, 110, '0104094401', 102),
(1085, 111, '0092023758', 102),
(1086, 112, '0112205404', 102),
(1087, 113, '0106439412', 102),
(1088, 114, '0117519766', 102),
(1089, 115, '0118250137', 102),
(1090, 116, '0109390666', 102),
(1091, 117, '0092660217', 102),
(1092, 118, '0108452406', 102),
(1093, 119, '0118769601', 102),
(1094, 120, '0105079664', 102),
(1095, 121, '0118613366', 102),
(1096, 122, '0109807778', 102),
(1097, 123, '0105257390', 102),
(1098, 124, '0117588400', 102),
(1099, 125, '0105094587', 102),
(1100, 126, '0114706558', 102),
(1101, 127, '0108213747', 102),
(1102, 128, '0105131860', 102),
(1103, 129, '0119130318', 102),
(1104, 130, '0105997987', 103),
(1105, 131, '0104989834', 103),
(1106, 132, '0105764549', 103),
(1107, 133, '0108562675', 103),
(1108, 134, '0112884901', 103),
(1109, 135, '3108673688', 103),
(1110, 136, '0107105265', 103),
(1111, 137, '0118986175', 103),
(1112, 138, '0112629440', 103),
(1113, 139, '3121475187', 103),
(1114, 140, '0106532227', 103),
(1115, 141, '0111182202', 103),
(1116, 142, '0107669813', 103),
(1117, 143, '0119411407', 103),
(1118, 144, '0106060607', 103),
(1119, 145, '0103740652', 103),
(1120, 146, '0116644678', 103),
(1121, 147, '0105405175', 103),
(1122, 148, '0117533015', 103),
(1123, 149, '0105746079', 103),
(1124, 150, '0112875710', 103),
(1125, 151, '0111044031', 103),
(1126, 152, '0104931652', 103),
(1127, 153, '0111954415', 103),
(1128, 154, '010480227', 103),
(1129, 155, '0117273385', 103),
(1130, 156, '0124004247', 103),
(1131, 157, '0109255710', 103),
(1132, 158, '0105240683', 103),
(1133, 159, '0102163528', 103),
(1134, 160, '0116304902', 103),
(1135, 161, '0106365600', 103),
(1136, 162, '0108639555', 103),
(1137, 163, '0118765774', 103),
(1138, 164, '0106438373', 103),
(1139, 165, '0135893733', 104),
(1140, 166, '3123741034', 104),
(1141, 167, '3125828881', 104),
(1142, 168, '3126599605', 104),
(1143, 169, '0128499601', 104),
(1144, 170, '3126007882', 104),
(1145, 171, '3128589985', 104),
(1146, 172, '0128215993', 104),
(1147, 173, '3120274179', 104),
(1148, 174, '3128399700', 104),
(1149, 175, '0137579329', 104),
(1150, 176, '3125983161', 104),
(1151, 177, '3121709357', 104),
(1152, 178, '0122440975', 104),
(1153, 179, '0128211793', 104),
(1154, 180, '3129775556', 104),
(1155, 181, '3126620006', 104),
(1156, 182, '3131050846', 104),
(1157, 183, '0127988091', 104),
(1158, 184, '0128262873', 104),
(1159, 185, '3127093529', 104),
(1160, 186, '0123233756', 104),
(1161, 187, '0121273699', 104),
(1162, 188, '0127833383', 104),
(1163, 189, '3124068512', 104),
(1164, 190, '3126939149', 104),
(1165, 191, '0128216793', 104),
(1166, 192, '0103575208', 104),
(1167, 193, '0129184319', 104),
(1168, 194, '0128125726', 104),
(1169, 195, '0131341188', 104),
(1170, 196, '0', 104),
(1171, 197, '3135126639', 105),
(1172, 198, '3123464561', 105),
(1173, 199, '0118351740', 105),
(1174, 200, '0135166776', 105),
(1175, 201, '3126434625', 105),
(1176, 202, '3121837096', 105),
(1177, 203, '0138225882', 105),
(1178, 204, '3139549225', 105),
(1179, 205, '3123659221', 105),
(1180, 206, '0124974609', 105),
(1181, 207, '3133891687', 105),
(1182, 208, '0129610036', 105),
(1183, 209, '0129215793', 105),
(1184, 210, '0131689849', 105),
(1185, 211, '0136851586', 105),
(1186, 212, '3138890711', 105),
(1187, 213, '0122873585', 105),
(1188, 214, '3125435840', 105),
(1189, 215, '3124540927', 105),
(1190, 216, '0102112968', 105),
(1191, 217, '3128342838', 105),
(1192, 218, '0122086272', 105),
(1193, 219, '0128780188', 105),
(1194, 220, '0119720258', 105),
(1195, 221, '0105171140', 105),
(1196, 222, '3122622211', 105),
(1197, 223, '3121998404', 105),
(1198, 224, '0134510651', 105),
(1199, 225, '0125441071', 105),
(1200, 226, '3125522312', 105),
(1201, 227, '3123449918', 105),
(1202, 228, '0', 105)
ON DUPLICATE KEY UPDATE `nisn` = VALUES(`nisn`);

-- Re-enable constraints
SET FOREIGN_KEY_CHECKS = 1;
